Данные бд3,,,Тест стольец 2,Тест стольец 3,
тест1 данные 1,,,,тест3 данные 1,тест4 данные 1
тест1 данные 2,,,тест2 данные 2,тест3 данные 2,тест4 данные 2
тест1 данные 3,,,тест2 данные 3,тест3 данные 3,тест4 данные 3
тест1 данные 4,,,тест2 данные 4,тест3 данные 4,тест4 данные 4
тест1 данные 5,,,тест2 данные 5,тест3 данные 5,тест4 данные 5
тест1 данные 6,,,тест2 данные 6,тест3 данные 6,тест4 данные 6
тест1 данные 7,,,тест2 данные 7,тест3 данные 7,тест4 данные 7
тест1 данные 8,,,тест2 данные 8,тест3 данные 8,тест4 данные 8
тест1 данные 9,,,тест2 данные 9,тест3 данные 9,тест4 данные 9
тест1 данные 10,,,тест2 данные 10,тест3 данные 10,тест4 данные 10
тест1 данные 11,,,тест2 данные 11,тест3 данные 11,тест4 данные 11
тест1 данные 12,,,тест2 данные 12,тест3 данные 12,тест4 данные привет